Make,Model,Engine
Audi,100,
Audi,A1,
Audi,A3,
Audi,A3,
Audi,A3,
Audi,A3,
Audi,A3,
Audi,A3,
Audi,A3,
Audi,A3,
Audi,A4,
Audi,A5,
Audi,A6,
Audi,A7,
Audi,A8,
Audi,E-tron,
Audi,Q2,
Audi,Q3,
Audi,Q4,
Audi,Q5,
Audi,Q6,
Audi,Q7,
Audi,Q8,
Audi,R8,
Audi,RS3,
Audi,RS4,
Audi,RS5,
Audi,RS6,
Audi,RS7,
Audi,RSQ3,
Audi,RSQ8,
Audi,S4,
Audi,S5,
Audi,S6,
Audi,S7,
Audi,S8,
Audi,SQ2,
Audi,SQ5,
Audi,TT,
BMW,i3,
BMW,i4,
BMW,i5,
BMW,i7,
BMW,i8,
BMW,iX,
BMW,iX1,
BMW,iX2,
BMW,iX3,
BMW,M1,
BMW,M2,
BMW,M3,
BMW,M4,
BMW,M5,
BMW,M6,
BMW,M8,
BMW,Series 1,
BMW,Series 2,
BMW,Series 3,
BMW,Series 4,
BMW,Series 5,
BMW,Series 6,
BMW,Series 7,
BMW,Series 8,
BMW,X1,
BMW,X2,
BMW,X3,
BMW,X4,
BMW,X5,
BMW,X6,
BMW,X7,
BMW,XM,
BMW,Z3,
BMW,Z4,
Ford,B-Max,
Ford,Bronco,
Ford,C-Max,
Ford,Capri,
Ford,Cortina,
Ford,Cougar,
Ford,Courier,
Ford,Econoline,
Ford,Ecosport,
Ford,Edge,
Ford,Explorer,
Ford,F-150,
Ford,F-250,
Ford,F350,
Ford,Fiesta,
Ford,Flex,
Ford,Focus,
Ford,Fusion,
Ford,Galaxy,
Ford,GT,
Ford,Ka,
Ford,Ka Plus,
Ford,Kuga,
Ford,Maverick,
Ford,Mondeo,
Ford,Mustang,
Ford,Puma,
Ford,Ranger,
Ford,Raptor,
Ford,S-Max,
Ford,Sierra,
Ford,Taurus,
Ford,Thunderbird,
Ford,Tourneo,
Ford,Transit,
Skoda,100,
Skoda,1000,
Skoda,105,
Skoda,110,
Skoda,120,
Skoda,Citigo,
Skoda,Enyaq,
Skoda,Fabia,
Skoda,Favorit,
Skoda,Felicia,
Skoda,Forman,
Skoda,Kamiq,
Skoda,Karoq,
Skoda,Kodiaq,
Skoda,Octavia,
Skoda,Praktik,
Skoda,Rapid,
Skoda,Roomster,
Skoda,Scala,
Skoda,Superb,
Skoda,Yeti,
Volkswagen,Amarok,
Volkswagen,Arteon,
Volkswagen,Atlas,
Volkswagen,Beetle,
Volkswagen,Bora,
Volkswagen,Caddy,
Volkswagen,California,
Volkswagen,Caravelle,
Volkswagen,CC,
Volkswagen,Crafter,
Volkswagen,e-UP,
Volkswagen,Eos,
Volkswagen,Fox,
Volkswagen,Golf,
Volkswagen,ID.3,
Volkswagen,ID.4,
Volkswagen,ID.5,
Volkswagen,ID.7,
Volkswagen,Jetta,
Volkswagen,LT,
Volkswagen,Lupo,
Volkswagen,Multivan,
Volkswagen,Passat,
Volkswagen,Phateon,
Volkswagen,Polo,
Volkswagen,Scirocco,
Volkswagen,Sharan,
Volkswagen,T-Cross,
Volkswagen,T-Roc,
Volkswagen,T2,
Volkswagen,T3,
Volkswagen,T4,
Volkswagen,T5,
Volkswagen,T6,
Volkswagen,T7,
Volkswagen,Taigo,
Volkswagen,Tiguan,
Volkswagen,Touareg,
Volkswagen,Touran,
Volkswagen,Transporter,
Volkswagen,Up!,
Volkswagen,Vento,
Corvette,C7,
Genesis,G80,
DFSK,Fengon 5,
Abarth,500,
Abarth,595,
Abarth,595C,
Abarth,695,
Abarth,695C,
Ineos,Grenadier,
Ineos,Quartermaster,
Acura,MDX,
Acura,RDX,
Alfa Romeo,147,
Alfa Romeo,156,
Alfa Romeo,159,
Alfa Romeo,33,
Alfa Romeo,75,
Alfa Romeo,Brera,
Alfa Romeo,Giulia,
Alfa Romeo,Giulietta,
Alfa Romeo,GT,
Alfa Romeo,Junior,
Alfa Romeo,MiTo,
Alfa Romeo,Spider,
Alfa Romeo,Stelvio,
Alfa Romeo,Tonale,
Alpina,B5,
Alpina,B7,
Alpina,D5,
Alpina,XB7,
Aro,244,
Aston Martin,DB,
Aston Martin,DB12,
Aston Martin,DB7,
Aston Martin,DBS,
Aston Martin,DBX,
Aston Martin,Rapide,
Aston Martin,Vantage,
Avia,Terrier,
Bentley,Arnage,
Bentley,Azure,
Bentley,Bentayga,
Bentley,Continental,
Bentley,Continental GT,
Bentley,Mulsanne,
Cadillac,ATS,
Cadillac,CTS,
Cadillac,Deville,
Cadillac,Eldorado,
Cadillac,Escalade,
Cadillac,SRX,
Cadillac,XT5,
Cadillac,XT6,
Citroen,Berlingo,
Citroen,C-Crosser,
Citroen,C-Elysee,
Citroen,C-Zero,
Citroen,C1,
Citroen,C2,
Citroen,C3,
Citroen,C4,
Citroen,C5,
Citroen,C6,
Citroen,C8,
Citroen,DS3,
Citroen,DS4,
Citroen,DS5,
Citroen,Jumper,
Citroen,Jumpy,
Citroen,Nemo,
Citroen,Saxo,
Citroen,Spacetourer,
Citroen,Xsara,
Cupra,Ateca,
Cupra,Born,
Cupra,Cupra Leon,
Cupra,Formentor,
Cupra,Terramar,
Dacia,1300,
Dacia,Dokker,
Dacia,Duster,
Dacia,Jogger,
Dacia,Lodgy,
Dacia,Logan,
Dacia,Sandero,
Dacia,Spring,
Daewoo,Kalos,
Daewoo,Lanos,
Daewoo,Matiz,
Daewoo,Nubira,
Daewoo,Tacuma,
Dodge,Caliber,
Dodge,Challenger,
Dodge,Charger,
Dodge,Durango,
Dodge,Grand Caravan,
Dodge,Journey,
Dodge,Nitro,
Dodge,RAM,
Dodge,Viper,
Dongfeng,DF 6,
Dongfeng,Fengon 5,
Dongfeng,Forthing 5,
Dongfeng,Forthing T5,
Dongfeng,Forthing U-Tour,
Dongfeng,Glory 500,
Dongfeng,Glory 580,
Dongfeng,Mhero,
Dongfeng,Series 3,
Dongfeng,Shine,
Dongfeng,T5,
DS,3,
DS,4,
DS,4,
DS,7,
DS,7 Crossback,
DS,9,
Ferrari,250,
Ferrari,296,
Ferrari,458,
Ferrari,488,
Ferrari,612,
Ferrari,812,
Ferrari,F149,
Ferrari,California T,
Ferrari,F8 Spider,
Ferrari,FF,
Ferrari,Mondial,
Ferrari,Portofino,
Ferrari,Roma,
Ferrari,SF90,
Fiat,1100,
Fiat,124,
Fiat,126,
Fiat,500,
Fiat,500c,
Fiat,600,
Fiat,800,
Fiat,Bravo,
Fiat,Croma,
Fiat,Doblo,
Fiat,Ducato,
Fiat,Fiorino,
Fiat,Freemont,
Fiat,Fullback,
Fiat,Idea,
Fiat,Linea,
Fiat,Panda,
Fiat,Punto,
Fiat,Scudo,
Fiat,Qubo,
Fiat,Stilo,
Fiat,Tipo,
Fiat,Ulysse,
Fiat,Uno,
GMC,Canyon,
GMC,Sierra,
GMC,Yukon,
Honda,Accord,
Honda,City,
Honda,Civic,
Honda,CR-V,
Honda,CR-X,
Honda,CR-Z,
Honda,E,
Honda,FR-V,
Honda,HR-V,
Honda,Insight,
Honda,Jazz,
Honda,Pilot,
Honda,S2000,
Honda,ZR-V,
Hummer,H1,
Hummer,H2,
Hummer,H3,
Hyundai,Accent,
Hyundai,Atos,
Hyundai,Bayon,
Hyundai,Coupe,
Hyundai,Elantra,
Hyundai,Galloper,
Hyundai,Genesis,
Hyundai,Getz,
Hyundai,H 350,
Hyundai,H1,
Hyundai,i10,
Hyundai,i20,
Hyundai,i30,
Hyundai,i40,
Hyundai,Ioniq,
Hyundai,ix20,
Hyundai,ix35,
Hyundai,ix55,
Hyundai,Kona,
Hyundai,Lantra,
Hyundai,Palisade,
Hyundai,Santa Fe,
Hyundai,Sonata,
Hyundai,Staria,
Hyundai,Terracan,
Hyundai,Tucson,
Hyundai,Veloster,
Chevrolet,Aveo,
Chevrolet,Camaro,
Chevrolet,Caprice,
Chevrolet,Captiva,
Chevrolet,Corvette,
Chevrolet,Cruze,
Chevrolet,Epica,
Chevrolet,Kalos,
Chevrolet,Lacetti,
Chevrolet,Malibu,
Chevrolet,Orlando,
Chevrolet,Silverado,
Chevrolet,Spark,
Chevrolet,Suburban,
Chevrolet,Tahoe,
Infinity,EX,
Infinity,FX,
Infinity,Q30,
Infinity,Q70,
Infinity,QX,
Infinity,QX60,
Infinity,QX70,
Iveco,Daily,
Iveco,Solomon,
Jaguar,E-Pace,
Jaguar,F-Pace,
Jaguar,F-Type,
Jaguar,I-Pace,
Jaguar,S-Type,
Jaguar,X-type,
Jaguar,XE,
Jaguar,XF,
Jaguar,XJ,
Jaguar,XK,
Jeep,Avenger,
Jeep,Cherokee,
Jeep,Commander,
Jeep,Compass,
Jeep,Gladiator,
Jeep,Grand Cherokee,
Jeep,Patriot,
Jeep,Renegade,
Jeep,Wrangler,
Kia,Avella,
Kia,Carens,
Kia,Carnival,
Kia,Ceed,
Kia,E-Soul,
Kia,EV3,
Kia,EV6,
Kia,EV9,
Kia,K9,
Kia,Magnetis,
Kia,Niro,
Kia,Optima,
Kia,Picanto,
Kia,Pregio,
Kia,Pro Ceed,
Kia,Rio,
Kia,Sorento,
Kia,Soul,
Kia,Sportage,
Kia,Stinger,
Kia,Stonic,
Kia,Venga,
Kia,XCeed,
Lada,2105,
Lada,4x4,
Lada,Granta,
Lada,Niva,
Lada,Samara,
Lada,Vesta,
Lamborghini,Aventador,
Lamborghini,Diablo,
Lamborghini,Gallardo,
Lamborghini,Huracan,
Lamborghini,Urus,
Lancia,Beta,
Lancia,Delta,
Lancia,Musa,
Lancia,Pherda,
Lancia,Thema,
Lancia,Voyager,
Lancia,Zeta,
Land Rover,109,
Land Rover,Defender,
Land Rover,Discovery,
Land Rover,Freelander,
Land Rover,Range Rover,
Lexus,CT,
Lexus,ES,
Lexus,GS,
Lexus,IS,
Lexus,LBX,
Lexus,LC,
Lexus,LS,
Lexus,NX,
Lexus,RC,
Lexus,RX,
Lexus,UX,
Lincoln,Aviator,
Lincoln,Continental,
Lincoln,LS,
Lincoln,Navigator,
MAN,TGE,
Maserati,Ghibli,
Maserati,GranCabrio,
Maserati,GranTurismo,
Maserati,Grecale,
Maserati,Levante,
Maserati,Quattroporte,
Maybach,GLS,
Mazda,2,
Mazda,3,
Mazda,323,
Mazda,5,
Mazda,6,
Mazda,B-Fighter,
Mazda,B2500,
Mazda,BT,
Mazda,CX-3,
Mazda,CX-30,
Mazda,CX-5,
Mazda,CX-60,
Mazda,CX-7,
Mazda,CX-80,
Mazda,CX-9,
Mazda,E 2200,
Mazda,MPV,
Mazda,MX-30,
Mazda,MX-30,
Mazda,MX-5 RF,
McLaren,570GT,
McLaren,720S,
McLaren,750S,
McLaren,Artura,
Mercedes-Benz,114,
Mercedes-Benz,116,
Mercedes-Benz,123,
Mercedes-Benz,126,
Mercedes-Benz,190,
Mercedes-Benz,200,
Mercedes-Benz,230,
Mercedes-Benz,300,
Mercedes-Benz,500,
Mercedes-Benz,600,
Mercedes-Benz,A Class,
Mercedes-Benz,AMG GT,
Mercedes-Benz,B Class,
Mercedes-Benz,C Class,
Mercedes-Benz,Citan,
Mercedes-Benz,Citan tourer,
Mercedes-Benz,CL,
Mercedes-Benz,CLA,
Mercedes-Benz,CLC,
Mercedes-Benz,CLE,
Mercedes-Benz,CLK,
Mercedes-Benz,E Class,
Mercedes-Benz,eCitan,
Mercedes-Benz,EQA,
Mercedes-Benz,EQB,
Mercedes-Benz,EQC,
Mercedes-Benz,EQE,
Mercedes-Benz,EQS,
Mercedes-Benz,EQT,
Mercedes-Benz,EQV,
Mercedes-Benz,eSprinter,
Mercedes-Benz,eVito,
Mercedes-Benz,G class,
Mercedes-Benz,GL,
Mercedes-Benz,GLA,
Mercedes-Benz,GLB,
Mercedes-Benz,GLC,
Mercedes-Benz,GLE,
Mercedes-Benz,GLK,
Mercedes-Benz,GLS,
Mercedes-Benz,M Class,
Mercedes-Benz,MB 100,
Mercedes-Benz,ML,
Mercedes-Benz,R Class,
Mercedes-Benz,S Class,
Mercedes-Benz,SLCSL,
Mercedes-Benz,SLK,
Mercedes-Benz,Sprinter,
Mercedes-Benz,T Class,
Mercedes-Benz,Unimog,
Mercedes-Benz,V CLass,
Mercedes-Benz,Viano,
Mercedes-Benz,Vito,
Mercedes-Benz,W 110,
Mercedes-Benz,X Class,
Mercury,Marauder,
MG,EHS,
MG,HS,
MG,Marvel-R,
MG,MG3,
MG,MG4,
MG,MG5,
MG,ZS,
Mini,Cabrio,
Mini,Clubman,
Mini,Cooper,
Mini,Cooper R,
Mini,Cooper SD,
Mini,Countryman,
Mini,John Cooper Works,
Mini,One,
Mini,Paceman,
Mitsubishi,ASX,
Mitsubishi,Carisma,
Mitsubishi,Colt,
Mitsubishi,Eclipse,
Mitsubishi,Fuso canter,
Mitsubishi,Grandis,
Mitsubishi,L 200,
Mitsubishi,Lancer,
Mitsubishi,Outlander,
Mitsubishi,Pajero,
Mitsubishi,Space star,
Multicar,M25,
Multicar,M26,
Multicar,M30,
Nissan,300 ZX,
Nissan,350 Z,
Nissan,370 Z,
Nissan,Almera,
Nissan,Almera Tino,
Nissan,Ariya,
Nissan,Cabstar,
Nissan,e-NV200,
Nissan,Evalia,
Nissan,GT-R,
Nissan,Interstar,
Nissan,Juke,
Nissan,Kubistar,
Nissan,Leaf,
Nissan,Micra,
Nissan,Murano,
Nissan,Navara,
Nissan,Note,
Nissan,NV200,
Nissan,NV400,
Nissan,Pathfinder,
Nissan,Patrol,
Nissan,Pickup,
Nissan,Pixo,
Nissan,Primastar,
Nissan,Pulsar,
Nissan,Qashqai,
Nissan,Terrano,
Nissan,Tiida,
Nissan,Townstar,
Nissan,X-Trail,
Opel,Adam,
Opel,Agila,
Opel,Ampera,
Opel,Antara,
Opel,Astra,
Opel,Calibra,
Opel,Cascada,
Opel,Combo,
Opel,Combo-Life,
Opel,Combo Tour,
Opel,Corsa,
Opel,Crossland,
Opel,Crossland X,
Opel,Frontera,
Opel,Grandland,
Opel,Grandland X,
Opel,Insignia,
Opel,Insignia ST,
Opel,Kadett,
Opel,Meriva,
Opel,Mokka,
Opel,Mokka X,
Opel,Movano,
Opel,Omega,
Opel,Signum,
Opel,Tigra,
Opel,Vectra,
Opel,Vivaro,
Opel,Zafira,
Peugeot,1007,
Peugeot,106,
Peugeot,107,
Peugeot,108,
Peugeot,2008,
Peugeot,205,
Peugeot,206,
Peugeot,207,
Peugeot,208,
Peugeot,3008,
Peugeot,301,
Peugeot,307,
Peugeot,308,
Peugeot,4007,
Peugeot,4008,
Peugeot,405,
Peugeot,406,
Peugeot,407,
Peugeot,408,
Peugeot,5008,
Peugeot,508,
Peugeot,607,
Peugeot,807,
Peugeot,Bipper,
Peugeot,Boxer,
Peugeot,Expert,
Peugeot,iOn,
Peugeot,Partner,
Peugeot,RCZ,
Peugeot,Rifter,
Peugeot,Traveller,
Polestar,2,
Pontiac,Grand Prix,
Porsche,718,
Porsche,911,
Porsche,912,
Porsche,924,
Porsche,991,
Porsche,992,
Porsche,996,
Porsche,997,
Porsche,Boxster,
Porsche,Carrera,
Porsche,Cayenne,
Porsche,Cayman,
Porsche,Macan,
Porsche,Panamera,
Porsche,Panamera Sport Turismo,
Porsche,Taycan,
Renault,5,
Renault,Alaskan,
Renault,Arkana,
Renault,Austral,
Renault,Avantime,
Renault,Captur,
Renault,Clio,
Renault,Escape,
Renault,Express,
Renault,Fluence,
Renault,Grand Espace,
Renault,Grand Modus,
Renault,Grand Scenic,
Renault,Kadjar,
Renault,Kangoo,
Renault,Koleos,
Renault,Laguna,
Renault,Latitude,
Renault,Master,
Renault,Maxity,
Renault,Megane,
Renault,Modus,
Renault,R21,
Renault,Rafale,
Renault,Scenic,
Renault,Symbioz,
Renault,Talisman,
Renault,Thalia,
Renault,Trafic,
Renault,Twingo,
Renault,Twizy,
Renault,Zoe,
Rolls Royce,Cullinan,
Rolls Royce,Ghost,
Rolls Royce,Park Ward,
Rolls Royce,Phantom,
Rolls Royce,Silver Cloud,
Rolls Royce,Silver Shadow,
Rolls Royce,Silver Spur,
Rover,25,
Rover,Mini,
Saab,9-3,
Saab,9-5,
Saab,900,
Saab,99,
Seat,Alhambra,
Seat,Altea,
Seat,Arona,
Seat,Ateca,
Seat,Cordoba,
Seat,Exeo,
Seat,Ibiza,
Seat,Leon,
Seat,Mii,
Seat,Tarraco,
Seat,Terra,
Seat,Toledo,
Smart,EQ forfour,
Smart,Forfour,
Smart,Roadster,
SSangYong,Actyon,
SSangYong,Korando,
SSangYong,Kyron,
SSangYong,Musso,
SSangYong,Rexton,
SSangYong,Tivoli,
SSangYong,Torres,
Subaru,BRZ,
Subaru,Crosstrek,
Subaru,Forester,
Subaru,Impreza,
Subaru,Justy,
Subaru,Legacy,
Subaru,Levorg,
Subaru,Outback,
Subaru,Solterra,
Subaru,WRX STI,
Subaru,XV,
Suzuki,Across,
Suzuki,Alto,
Suzuki,Baleno,
Suzuki,Celerio,
Suzuki,Grand Vitara,
Suzuki,Ignis,
Suzuki,Jimny,
Suzuki,Kizashi,
Suzuki,Samurai,
Suzuki,Splash,
Suzuki,Swace,
Suzuki,Swift,
Suzuki,SX4,
Suzuki,Vitara,
Suzuki,X90,
Tesla,Model 3,
Tesla,Model S,
Tesla,Model X,
Tesla,Model Y,
Toyota,4-Runner,
Toyota,Auris,
Toyota,Avensis,
Toyota,Aygo,
Toyota,Aygo X,
Toyota,bZ4X,
Toyota,C-HR,
Toyota,Camry,
Toyota,Corolla,
Toyota,FJ Cruiser,
Toyota,GR86,
Toyota,GT86,
Toyota,Highlander,
Toyota,Hilux,
Toyota,iQ,
Toyota,Land Cruiser,
Toyota,Mirai,
Toyota,Previa,
Toyota,Prius,
Toyota,Proace,
Toyota,RAV4,
Toyota,Sequoia,
Toyota,Supra,
Toyota,Tacoma,
Toyota,Tundra,
Toyota,Urban Cruiser,
Toyota,Verso,
Toyota,Yaris,
Triumph,Spitfire,
Triumph,TR4,
Volga,GAZ,
Volvo,C30,
Volvo,C40,
Volvo,C70,
Volvo,EC40,
Volvo,EX30,
Volvo,EX40,
Volvo,EX90,
Volvo,S40,
Volvo,S60,
Volvo,S80,
Volvo,S90,
Volvo,V40,
Volvo,V40 CC,
Volvo,V50,
Volvo,V60,
Volvo,V70,
Volvo,V90,
Volvo,XC40,
Volvo,XC60,
Volvo,XC70,
Volvo,XC90,
Wartburg,353,
